edition,list_id,skill,skill_name,name
CIW2023,1235,01,Industrial Mechanics,01 Industrial Mechanics
CIW2023,1234,02,Information Network Cabling,02 Information Network Cabling
CIW2023,1230,03,Manufacturing Team Challenge,03 Manufacturing Team Challenge
CIW2023,1229,04,Mechatronics,04 Mechatronics
CIW2023,1248,05,Mechanical Engineering CAD,05 Mechanical Engineering CAD
CIW2023,1244,06,CNC Turning,06 CNC Turning
CIW2023,1236,07,CNC Milling,07 CNC Milling
CIW2023,1282,08,Mobile Applications Development,08 Mobile Applications Development
CIW2023,1246,09,IT Software Solutions for Business,09 IT Software Solutions for Business
CIW2023,1275,10,Welding,10 Welding
CIW2023,1238,11,Print Media Technology,11 Print Media Technology
CIW2023,1231,12,Wall and Floor Tiling,12 Wall and Floor Tiling
CIW2023,1228,13,Autobody Repair,13 Autobody Repair
CIW2023,1281,14,Aircraft Maintenance,14 Aircraft Maintenance
CIW2023,1233,15,Plumbing and Heating,15 Plumbing and Heating
CIW2023,1227,16,Electronics,16 Electronics
CIW2023,1259,17,Web Technologies,17 Web Technologies
CIW2023,1237,18,Electrical Installations,18 Electrical Installations
CIW2023,1273,19,Industrial Control,19 Industrial Control
CIW2023,1274,20,Bricklaying,20 Bricklaying
CIW2023,1256,21,Plastering and Drywall Systems,21 Plastering and Drywall Systems
CIW2023,1289,22,Painting and Decorating,22 Painting and Decorating
CIW2023,1253,23,Mobile Robotics,23 Mobile Robotics
CIW2023,1250,24,Cabinetmaking,24 Cabinetmaking
CIW2023,1260,25,Joinery,25 Joinery
CIW2023,1276,26,Carpentry,26 Carpentry
CIW2023,1267,27,Jewellery,27 Jewellery
CIW2023,1261,28,Floristry,28 Floristry
CIW2023,1265,29,Hairdressing,29 Hairdressing
CIW2023,1255,30,Beauty Therapy,30 Beauty Therapy
CIW2023,1277,31,Fashion Technology,31 Fashion Technology
CIW2023,1252,32,Pâtisserie and Confectionery,32 Pâtisserie and Confectionery
CIW2023,1279,33,Automobile Technology,33 Automobile Technology
CIW2023,1272,34,Cooking,34 Cooking
CIW2023,1242,35,Restaurant Service,35 Restaurant Service
CIW2023,1239,36,Car Painting,36 Car Painting
CIW2023,1254,37,Landscape Gardening,37 Landscape Gardening
CIW2023,1266,38,Refrigeration and Air Conditioning,38 Refrigeration and Air Conditioning
CIW2023,1245,39,IT Network Systems Administration,39 IT Network Systems Administration
CIW2023,1258,40,Graphic Design Technology,40 Graphic Design Technology
CIW2023,1286,41,Health and Social Care,41 Health and Social Care
CIW2023,1287,42,Construction Metal Work,42 Construction Metal Work
CIW2023,1241,44,Visual Merchandising,44 Visual Merchandising
CIW2023,1263,45,Prototype Modelling,45 Prototype Modelling
CIW2023,1262,46,Concrete Construction Work,46 Concrete Construction Work
CIW2023,1257,47,Bakery,47 Bakery
CIW2023,1240,48,Industry 4.0,48 Industry 4.0
CIW2023,1251,49,Heavy Vehicle Technology,49 Heavy Vehicle Technology
CIW2023,1288,50,3D Digital Game Art,50 3D Digital Game Art
CIW2023,1270,51,Freight Forwarding,51 Freight Forwarding
CIW2023,1280,52,Chemical Laboratory Technology,52 Chemical Laboratory Technology
CIW2023,1285,53,Cloud Computing,53 Cloud Computing
CIW2023,1243,54,Cyber Security,54 Cyber Security
CIW2023,1249,55,Water Technology,55 Water Technology
CIW2023,1284,56,Hotel Reception,56 Hotel Reception
CIW2023,1269,57,Additive Manufacturing,57 Additive Manufacturing
CIW2023,1283,58,Digital Construction,58 Digital Construction
CIW2023,1271,59,Industrial Design Technology,59 Industrial Design Technology
CIW2023,1278,60,Optoelectronic Technology,60 Optoelectronic Technology
CIW2023,1268,61,Rail Vehicle Technology,61 Rail Vehicle Technology
CIW2023,1264,62,Renewable Energy,62 Renewable Energy
CIW2023,1247,63,Robot Systems Integration,63 Robot Systems Integration
CIW2023,1232,,P01 Stonemasonry,P01 Stonemasonry
