edition,event_id,name,start_date,end_date,town,venue
WSC2001,3,WorldSkills Seoul 2001,2001-11-11,2001-11-18,Seoul,
WSC2003,4,WorldSkills St. Gallen 2003,2003-06-18,2003-06-25,St. Gallen,
WSC2005,5,WorldSkills Helsinki 2005,2005-05-26,2005-05-29,Helsinki,
WSC2007,6,WorldSkills Shizuoka 2007,2007-11-14,2007-11-21,Shizuoka,
WSC2009,7,WorldSkills Calgary 2009,2009-09-01,2009-09-06,Calgary,
WSC2011,8,WorldSkills London 2011,2011-10-05,2011-10-10,London,
WSC2013,9,WorldSkills Leipzig 2013,2013-07-02,2013-07-07,Leipzig,
WSC2015,10,WorldSkills São Paulo 2015,2015-08-12,2015-08-15,São Paulo,Anhembi Park
WSC2017,316,WorldSkills Abu Dhabi 2017,2017-10-15,2017-10-18,Abu Dhabi,Abu Dhabi National Exhibition Centre (ADNEC)
WSC2019,364,WorldSkills Kazan 2019,2019-08-23,2019-08-26,Kazan,Kazan Expo
WSC2022,536,WorldSkills Shanghai 2022,,,,
WSC2022SE,594,WorldSkills Competition 2022 Special Edition,2022-10-20,2022-11-30,,
WSC2024,579,WorldSkills Lyon 2024,2024-09-11,2024-09-14,Lyon,
WSC2026,611,WorldSkills Shanghai 2026,2026-09-23,2026-09-26,Shanghai,
