member_id,code,name,name_1058,country
36,AE,United Arab Emirates,United Arab Emirates,United Arab Emirates
67,AM,Armenia,Armenia,Armenia
62,AR,Argentina,Argentina,Habilidades Argentinas
13,AT,Austria,Austria,Austria
20,AU,Australia,Australia,WorldSkills Australia
100,AZ,Azerbaijan,Azerbaijan,Azerbaijan
61,BB,Barbados,Barbados,Technical and Vocational Education and Training Council
84,BD,Bangladesh,Bangladesh,Bangladesh
38,BE,Belgium,Belgium,WorldSkills Belgium
71,BH,Kingdom of Bahrain,Bahrain,Kingdom of Bahrain
44,BN,Brunei Darussalam,Brunei Darussalam,Brunei Darussalam
328,BO,Bolivia,Bolivia,Bolivia
327,BQ,Bonaire,Bonaire,"Bonaire, Sint Eustatius and Saba"
21,BR,Brazil,Brazil,SENAI
289,BR_AC_Ind,SENAI Acre,SENAI Acre,SENAI Acre
290,BR_AL_Ind,SENAI Alagoas,SENAI Alagoas,SENAI Alagoas
291,BR_AM_Ind,SENAI Amazonas,SENAI Amazonas,SENAI Amazonas
292,BR_AP_Ind,SENAI Amapá,SENAI Amapá,SENAI Amapá
293,BR_BA_Ind,SENAI Bahia,SENAI Bahia,SENAI Bahia
294,BR_CE_Ind,SENAI Ceará,SENAI Ceará,SENAI Ceará
295,BR_DF_Ind,SENAI Distrito Federal,SENAI Distrito Federal,SENAI Distrito Federal
296,BR_ES_Ind,SENAI Espírito Santo,SENAI Espírito Santo,SENAI Espírito Santo
297,BR_GO_Ind,SENAI Goiás,SENAI Goiás,SENAI Goiás
298,BR_MA_Ind,SENAI Maranhão,SENAI Maranhão,SENAI Maranhão
299,BR_MG_Ind,SENAI Minas Gerais,SENAI Minas Gerais,SENAI Minas Gerais
300,BR_MS_Ind,SENAI Mato Grosso do Sul,SENAI Mato Grosso do Sul,SENAI Mato Grosso do Sul
315,BR_MT_Ind,SENAI Mato Grosso,SENAI Mato Grosso,SENAI Mato Grosso
301,BR_PA_Ind,SENAI Pará,SENAI Pará,SENAI Pará
302,BR_PB_Ind,SENAI Paraíba,SENAI Paraíba,SENAI Paraíba
303,BR_PE_Ind,SENAI Pernambuco,SENAI Pernambuco,SENAI Pernambuco
304,BR_PI_Ind,SENAI Piauí,SENAI Piauí,SENAI Piauí
305,BR_PR_Ind,SENAI Paraná,SENAI Paraná,SENAI Paraná
306,BR_RJ_Ind,SENAI Rio de Janeiro,SENAI Rio de Janeiro,SENAI Rio de Janeiro
307,BR_RN_Ind,SENAI Rio Grande do Norte,SENAI Rio Grande do Norte,SENAI Rio Grande do Norte
308,BR_RO_Ind,SENAI Rondônia,SENAI Rondônia,SENAI Rondônia
309,BR_RR_Ind,SENAI Roraima,SENAI Roraima,SENAI Roraima
310,BR_RS_Ind,SENAI Rio Grande do Sul,SENAI Rio Grande do Sul,SENAI Rio Grande do Sul
311,BR_SC_Ind,SENAI Santa Catarina,SENAI Santa Catarina,SENAI Santa Catarina
312,BR_SE_Ind,SENAI Sergipe,SENAI Sergipe,SENAI Sergipe
313,BR_SP_Ind,SENAI São Paulo,SENAI São Paulo,SENAI São Paulo
341,BR_Setec_MEC_1,SETEC MEC T1,SETEC MEC T1,SETEC MEC T1
342,BR_Setec_MEC_2,SETEC MEC T2,SETEC MEC T2,SETEC MEC T2
314,BR_TO_Ind,SENAI Tocantins,SENAI Tocantins,SENAI Tocantins
226,BT,Bhutan,Bhutan,Bhutan
73,BY,Belarus,Belarus,Republican Institute for Vocational Education (RIPO) - WorldSkills Belarus
25,CA,Canada,Canada,Skills/Compétences Canada
108,CD,Democratic Republic of the Congo,Democratic Republic of the Congo,WorldSkills DRCongo
10,CH,Switzerland,Switzerland,SwissSkills
122,CH_2RAD,2rad Schweiz,2rad Schweiz,2rad Schweiz
129,CH_AGRIALIFORM,OdA AgriAliForm,OdA AgriAliForm,OdA AgriAliForm
139,CH_AGROTEC,AM Suisse - Agrotec Suisse,AM Suisse - Agrotec Suisse,AM Suisse - Agrotec Suisse
111,CH_AGVS,AGVS Auto Gewerbe Verband Schweiz,AGVS Auto Gewerbe Verband Schweiz,AGVS Auto Gewerbe Verband Schweiz
127,CH_ALLPURA,Allpura - Verband Schweizer Reinigungs-Unternehmen,Allpura - Verband Schweizer Reinigungs-Unternehmen,Allpura - Verband Schweizer Reinigungs-Unternehmen
140,CH_ASFLSVBL,SWISS LOGISTICS by ASFL SVBL,ASFL SVBL - Schweizerische Vereinigung für die Berufsbildung in der Logistik,SWISS LOGISTICS by ASFL SVBL
152,CH_ASTAG,ASTAG Schweizerischer Nutzfahrzeugverband,ASTAG Schweizerischer Nutzfahrzeugverband,ASTAG Schweizerischer Nutzfahrzeugverband
141,CH_BAUMEISTERV,SBV - Schweizerischer Baumeisterverband / Bauberufe.ch,SBV - Schweizerischer Baumeisterverband,SBV - Schweizerischer Baumeisterverband / Bauberufe.ch
119,CH_BEWEGUNG,OdA Bewegung und Gesundheit - Dachverband der Bewegungsberufe Schweiz,Oda Bewegung und Gesundheit,OdA Bewegung und Gesundheit - Dachverband der Bewegungsberufe Schweiz
114,CH_BODENSCHWEIZ,"BodenSchweiz, Berufsbildung Boden & Parkett","BodenSchweiz, Berufsbildung Boden & Parkett","BodenSchweiz, Berufsbildung Boden & Parkett"
146,CH_CERUNIQ,Ceruniq,Schweizerischer Plattenverband SPV,Ceruniq
117,CH_COIFFURE,Coiffure Suisse,Coiffure Suisse,Coiffure Suisse
134,CH_DPSUISSE,dpsuisse,dpsuisse,dpsuisse
176,CH_EIT,EIT.swiss,EIT.swiss,EIT.swiss
133,CH_FARRIERTEC,AM Suisse - Farriertec Suisse,AM Suisse - Farriertec Suisse,AM Suisse - Farriertec Suisse
145,CH_FEU,"feu suisse, Verband für Wohnraumfeuerung, Plattenbeläge und Abgassysteme","feu suisse, Verband für Wohnraumfeuerung, Plattenbeläge und Abgassysteme","feu suisse, Verband für Wohnraumfeuerung, Plattenbeläge und Abgassysteme"
154,CH_HOLZBAU,Holzbau Schweiz,Holzbau Schweiz,Holzbau Schweiz
132,CH_HOTELGASTRO,Hotel & Gastro formation Schweiz,Hotel & Gastro formation Schweiz,Hotel & Gastro formation Schweiz
136,CH_ICT,ICT-Berufsbildung Schweiz,ICT-Berufsbildung Schweiz,ICT-Berufsbildung Schweiz
178,CH_IGES,IG EntrepreneurSkills,IG EntrepreneurSkills,IG EntrepreneurSkills
151,CH_INFRA,Infra Suisse,Infra Suisse,Infra Suisse
181,CH_INTERIEURSUISSE,OdA Wohntextilien Schweiz c/o Interieursuisse,OdA Wohntextilien Schweiz c/o Interieursuisse,OdA Wohntextilien Schweiz c/o Interieursuisse
135,CH_ISOL,Isolsuisse,Isolsuisse,Isolsuisse
126,CH_JARDINSUISSE,Jardin Suisse,Jardin Suisse,Jardin Suisse
131,CH_LOGIN,login Berufsbildung AG,login Berufsbildung AG,login Berufsbildung AG
142,CH_METALTEC,AM Suisse - Metaltec Suisse,AM Suisse - Metaltec Suisse,AM Suisse - Metaltec Suisse
120,CH_ODASANTE,OdASanté - Nationale Dachorganisation der Arbeitswelt Gesundheit,OdASanté,OdASanté - Nationale Dachorganisation der Arbeitswelt Gesundheit
322,CH_ODASO,OdA des Berufsfelds Schmuck- und Objektgestaltung,OdA des Berufsfelds Schmuck- und Objektgestaltung,OdA des Berufsfelds Schmuck- und Objektgestaltung
109,CH_POLYB,Berufsfeld Gebäudehülle,Berufsfeld Gebäudehülle,Berufsfeld Gebäudehülle
148,CH_RAUMAUSSTATTUNG,OdA Raumausstattung Schweiz,OdA Raumausstattung Schweiz,OdA Raumausstattung Schweiz
319,CH_SAVOIRSOCIAL,SAVOIRSOCIAL - Schweiz. Dachverband für die Berufsbildung im Sozialbereich,SAVOIRSOCIAL - Schweiz. Dachverband für die Berufsbildung im Sozialbereich,SAVOIRSOCIAL - Schweiz. Dachverband für die Berufsbildung im Sozialbereich
112,CH_SBC,SBC - Schweizerischer Bäcker-Confiseurmeister-Verband,Schweizerischer Bäcker-Confiseurmeister-Verband SBC,SBC - Schweizerischer Bäcker-Confiseurmeister-Verband
115,CH_SBV,SBV - Schweizerischer Bootbauer-Verband,SBV - Schweizerischer Bootbauer-Verband,SBV - Schweizerischer Bootbauer-Verband
321,CH_SDV,Schweizerischer Drogistenverband,Schweizerischer Drogistenverband,Schweizerischer Drogistenverband
118,CH_SFB,SFB - Schweizerischer Fachverband Betriebsunterhalt,Schweizerischer Fachverband Betriebsunterhalt SFB,SFB - Schweizerischer Fachverband Betriebsunterhalt
123,CH_SFF,SFF - Schweizer Fleisch-Fachverband,Schweizer Fleisch-Fachverband SFF,SFF - Schweizer Fleisch-Fachverband
138,CH_SFK,SFK Schweizer Fachverband für Kosmetik,SFK Schweizer Fachverband für Kosmetik,SFK Schweizer Fachverband für Kosmetik
124,CH_SFV,SFV - florist.ch - Schweizer Floristenverband,florist.ch – Schweizer Floristenverband,SFV - florist.ch - Schweizer Floristenverband
320,CH_SFV2,SFV - Schweizerischer Flachglasverband,SFV - Schweizerischer Flachglasverband,SFV - Schweizerischer Flachglasverband
323,CH_SJF,Schweizer Jugend forscht,Schweizer Jugend forscht,Schweizer Jugend forscht
179,CH_SKKAB,SKKAB,SKKAB,SKKAB
130,CH_SMGV,SMGV,SMGV - Schweizerischer Maler- und Gipserunternehmer-Verband,SMGV
144,CH_SMV,SMV - Schweizerischer Milchwirtschaftlicher Verein,Schweizerischer Milchwirtschaftlicher Verein SMV,SMV - Schweizerischer Milchwirtschaftlicher Verein
128,CH_SUISSETEC,suissetec,Schweizerisch-Liechtensteinischer Gebäudetechnikverband (suissetec),suissetec
137,CH_SVK,SVK - Schweizerischer Verband für Kältetechnik,SVK - Schweizerischer Verband für Kältetechnik,SVK - Schweizerischer Verband für Kältetechnik
177,CH_SVS,SVS - Schweizerischer Verein für Schweisstechnik,SVS - Schweizerischer Verein für Schweisstechnik,SVS - Schweizerischer Verein für Schweisstechnik
125,CH_SWISSFORM,SWISS FORM - Verband Schweizerischer Modellbaubetriebe,SWISS FORM Verband Schweizerischer Modellbaubetriebe,SWISS FORM - Verband Schweizerischer Modellbaubetriebe
147,CH_SWISSMECHANIC,Swissmechanic,Swissmechanic,Swissmechanic
110,CH_SWISSMEM,Swissmem Berufsbildung,Swissmem Berufsbildung,Swissmem Berufsbildung
113,CH_SWISSMODE,Swissmode - Verband Bekleidung Schweiz,Swissmode - Verband Bekleidung Schweiz,Swissmode - Verband Bekleidung Schweiz
143,CH_UHREN,Convention patronale de l'industrie horlogère suisse,Convention patronale de l'industrie horlogère suisse,Arbeitgeberverband der Schweizerischen Uhrenindustrie
150,CH_VBN,Verein Bildung Naturstein VBN,Verein Bildung Naturstein VBN,Verein Bildung Naturstein VBN
116,CH_VSCI,carrosserie suisse,Carrosserie Suisse,carrosserie suisse
180,CH_VSGU,Verband Schweizer Goldschmiede und Uhrenfachgeschäfte (VSGU),Verband Schweizer Goldschmiede und Uhrenfachgeschäfte (VSGU),Verband Schweizer Goldschmiede und Uhrenfachgeschäfte (VSGU)
149,CH_VSSM,VSSM - Verband Schweizerischer Schreinermeister & Möbelfabrikanten,VSSM - Verband Schweizerischer Schreinermeister & Möbelfabrikanten,VSSM - Verband Schweizerischer Schreinermeister & Möbelfabrikanten
121,CH_VTS,VTS - Verband Textilpflege Schweiz,Verband Textilpflege Schweiz VTS,VTS - Verband Textilpflege Schweiz
153,CH_WOHNEN,"OdA Wohnen, c/o einrichtenschweiz",Oda Wohnen,"OdA Wohnen, c/o einrichtenschweiz"
366,CI,Côte d'Ivoire,Côte d'Ivoire,"Ministry of Technical and Vocational Training Education and Apprenticeship, Cote d'Ivoire"
72,CL,Chile,Chile,Fundacion WorldSkills Chile
29,CN,China,China,Ministry of Human Resources and Social Security
56,CO,Colombia,Colombia,Colombia
79,CR,Costa Rica,Costa Rica,Costa Rica
86,CY,Cyprus,Cyprus,Cyprus
102,CZ,Czech Republic,Czech Republic,Czech Republic
7,DE,Germany,Germany,WorldSkills Germany
39,DK,Denmark,Denmark,SkillsDenmark
70,DO,Dominican Republic,Dominican Republic,INFOTEP
360,DZ,Algeria,Algeria,Algeria
49,EC,Ecuador,Ecuador,Techna
53,EE,Estonia,Estonia,Education and Youth Board
75,EG,Egypt,Egypt,Federation of Egyptian Industries (FEI)
48,ES,Spain,Spain,Spain
107,ET,Ethiopia,Ethiopia,Ethiopia
24,FI,Finland,Finland,Skills Finland
183,FI_AHL,AhlmanEdu,AhlmanEdu,AhlmanEdu
185,FI_AXX,Axxell,Axxell,Axxell
155,FI_BCH,Business College Helsinki,Business College Helsinki,Business College Helsinki
201,FI_BRA,Koulutuskeskus Brahe,Koulutuskeskus Brahe,Koulutuskeskus Brahe
186,FI_CAR,Careeria,Careeria,Careeria
200,FI_EKA,Etelä-Kymenlaakson ammattiopisto,Etelä-Kymenlaakson ammattiopisto,Etelä-Kymenlaakson ammattiopisto
156,FI_ESE,Etelä-Savon ammattiopisto Esedu,Etelä-Savon ammattiopisto,Etelä-Savon ammattiopisto Esedu
203,FI_FAI,Forssan ammatti-instituutti,Forssan ammatti-instituutti,Forssan ammatti-instituutti
157,FI_GRA,Gradia,Gradia,Gradia
363,FI_HAM,Hämeen ammatti-instituutti,Hämeen ammatti-instituutti,Hämeen ammatti-instituutti
189,FI_HAR,Harjun oppimiskeskus,Harjun oppimiskeskus,Harjun oppimiskeskus
190,FI_HEV,Hevosopisto,Hevosopisto,Hevosopisto
224,FI_HMA,Helsingin Maalariammattikoulu,Helsingin Maalariammattikoulu,Helsingin Maalariammattikoulu
158,FI_HYR,Hyria,Hyria,Hyria
405,FI_IA_MY,IA Malaysia,IA Malaysia,IA Malaysia
193,FI_ING,Ingmanedu Kulttuurialan ammattiopisto,Ingmanedu Kulttuurialan ammattiopisto,Ingmanedu Kulttuurialan ammattiopisto
194,FI_JAM,Järviseudun ammatti-instituutti,Järviseudun ammatti-instituutti,Järviseudun ammatti-instituutti
160,FI_JED,Koulutuskeskus JEDU,Koulutuskeskus JEDU,Koulutuskeskus JEDU
195,FI_KAO,Kainuun ammattiopisto,Kainuun ammattiopisto,Kainuun ammattiopisto
159,FI_KEU,Keuda,Keuda,Keuda
199,FI_KII,Kiipulan ammattiopisto,Kiipulan ammattiopisto,Kiipulan ammattiopisto
197,FI_KOU,Kouvolan Ammattiopisto Eduko,Kouvolan Ammattiopisto Eduko,Kouvolan Ammattiopisto Eduko
162,FI_KPE,"Keski-Pohjanmaan ammattiopisto, Kpedu",Kpedu,"Keski-Pohjanmaan ammattiopisto, Kpedu"
198,FI_LAP,Ammattiopisto Lappia,Ammattiopisto Lappia,Ammattiopisto Lappia
207,FI_LIV,Ammattiopisto Livia,Ammattiopisto Livia,Ammattiopisto Livia
202,FI_LUK,Luksia,Luksia,Luksia
188,FI_LUO,Ammattiopisto Luovi,Ammattiopisto Luovi,Ammattiopisto Luovi
192,FI_LVE,Ammattiopisto Live,Ammattiopisto Live,Ammattiopisto Live
204,FI_MER,Mercuria,Mercuria,Mercuria
398,FI_MUU,"Yritys, yhdistys tai muu taho","Yritys, yhdistys tai muu taho","Yritys, yhdistys tai muu taho"
164,FI_NOV,Novida,Novida,Novida
165,FI_OMN,"Omnia, Espoon seudun koulutuskuntayhtymä",Omnia,"Omnia, Espoon seudun koulutuskuntayhtymä"
206,FI_OPA,Oulun Palvelualan Opisto,Oulun Palvelualan Opisto,Oulun Palvelualan Opisto
205,FI_OPT,Optima,Optima,Optima
166,FI_OSA,Koulutuskuntayhtymä OSAO,Koulutuskuntayhtymä OSAO,Koulutuskuntayhtymä OSAO
286,FI_PAA,Paasikivi-Opisto,Paasikivi-Opisto,Paasikivi-Opisto
263,FI_PAO,Palvelualan Opisto Kuopio,Palvelualan Opisto Kuopio,Palvelualan Opisto Kuopio
208,FI_PER,Perho Liiketalousopisto,Perho Liiketalousopisto,Perho Liiketalousopisto
223,FI_POK,Pohjoisen Keski-Suomen ammattiopisto POKE,Pohjoisen Keski-Suomen ammattiopisto POKE,Pohjoisen Keski-Suomen ammattiopisto POKE
216,FI_PRA,Prakticum,Prakticum,Prakticum
210,FI_RAI,Raision seudun koulutuskuntayhtymä,Raision seudun koulutuskuntayhtymä,Raision seudun koulutuskuntayhtymä
163,FI_RED,Lapin koulutuskeskus REDU,Lapin koulutuskeskus REDU,Lapin koulutuskeskus REDU
167,FI_RIV,Riveria,Riveria,Riveria
209,FI_RPK,Raahen Porvari- ja Kauppakoulu,Raahen Porvari- ja Kauppakoulu,Raahen Porvari- ja Kauppakoulu
187,FI_SAI,Saimaan ammattiopisto,Saimaan ammattiopisto,Saimaan ammattiopisto
161,FI_SAL,Koulutuskeskus Salpaus,Koulutuskeskus Salpaus,Koulutuskeskus Salpaus
191,FI_SAM,Ammattiopisto Samiedu,Ammattiopisto Samiedu,Ammattiopisto Samiedu
168,FI_SAS,SASKY koulutuskuntayhtymä,SASKY,SASKY koulutuskuntayhtymä
169,FI_SAT,Sataedu,Sataedu,Sataedu
170,FI_SAV,Savon ammattiopisto,Savon ammattiopisto,Savon ammattiopisto
285,FI_SDO,Suomen Diakoniaopisto,Suomen Diakoniaopisto,Suomen Diakoniaopisto
213,FI_SED,Seinäjoen koulutuskuntayhtymä Sedu,Seinäjoen koulutuskuntayhtymä Sedu,Seinäjoen koulutuskuntayhtymä Sedu
397,FI_SF,Skills Finland,Skills Finland,Skills Finland
184,FI_SPE,Ammattiopisto Spesia,Ammattiopisto Spesia,Ammattiopisto Spesia
211,FI_SSK,Salon seudun ammattiopisto,Salon seudun ammattiopisto,Salon seudun ammattiopisto
171,FI_STA,Stadin ammattiopisto,Stadin ammattiopisto,Stadin ammattiopisto
214,FI_STE,STEP-koulutus,STEP-koulutus,STEP-koulutus
173,FI_TAI,Turun ammatti-instituutti TAI,Turun ammatti-instituutti TAI,Turun ammatti-instituutti TAI
217,FI_TAO,"TAO, Turun Ammattiopistosäätiö","TAO, Turun Ammattiopistosäätiö","TAO, Turun Ammattiopistosäätiö"
196,FI_TAV,Ammattiopisto Tavastia,Ammattiopisto Tavastia,Ammattiopisto Tavastia
172,FI_TRE,Tampereen seudun ammattiopisto Tredu,Tampereen seudun ammattiopisto Tredu,Tampereen seudun ammattiopisto Tredu
218,FI_TTS,TTS,TTS,TTS
219,FI_V4,Työtehoseura (ylimääräinen),Työtehoseura (ylim),Työtehoseura
220,FI_VAL,"Valkeakosken ammattiopisto, VAAO","Valkeakosken ammattiopisto, VAAO","Valkeakosken ammattiopisto, VAAO"
174,FI_VAM,Vamia,Vamia,Vamia
221,FI_VAR,Vantaan ammattiopisto Varia,Vantaan ammattiopisto Varia,Vantaan ammattiopisto Varia
215,FI_VUO,Suupohjan koulutus- ja työllisyyskuntayhtymä Vuoksi,Suupohjan koulutus- ja työllisyyskuntayhtymä Vuoksi,Suupohjan koulutus- ja työllisyyskuntayhtymä Vuoksi
175,FI_WIN,Länsirannikon Koulutus Oy WinNova,WinNova,Länsirannikon Koulutus Oy WinNova
212,FI_YA,Yrkesakademin i Österbotten,Yrkesakademin i Österbotten,Yrkesakademin i Österbotten
222,FI_YSA,Ylä-Savon ammattiopisto YSAO,Ylä-Savon ammattiopisto YSAO,Ylä-Savon ammattiopisto YSAO
287,FI_ÅLA,Ålands yrkesgymnasium,Ålands yrkesgymnasium,Ålands gymnasium
9,FR,France,France,WorldSkills France
265,FR_ARA,Auvergne-Rhône-Alpes,Auvergne-Rhône-Alpes,Auvergne-Rhône-Alpes
266,FR_BFC,Bourgogne-Franche-Comté,Bourgogne-Franche-Comté,Bourgogne-Franche-Comté
267,FR_BRE,Bretagne,Bretagne,Bretagne
269,FR_COR,Corse,Corse,Corse
268,FR_CVL,Centre-Val de Loire,Centre-Val de Loire,Centre-Val de Loire
270,FR_GRE,Grand Est,Grand Est,Grand Est
278,FR_GUA,Guadeloupe,Guadeloupe,Guadeloupe
279,FR_GUY,Guyane,Guyane,Guyane
271,FR_HFR,Hauts-de-France,Hauts-de-France,Hauts-de-France
272,FR_IFR,Île-de-France,Île-de-France,Île-de-France
281,FR_LRE,La Réunion,La Réunion,La Réunion
280,FR_MAR,Martinique,Martinique,Martinique
282,FR_MAY,Mayotte,Mayotte,Mayotte
274,FR_NAQ,Nouvelle-Aquitaine,Nouvelle-Aquitaine,Nouvelle-Aquitaine
273,FR_NOR,Normandie,Normandie,Normandie
275,FR_OCC,Occitanie,Occitanie,Occitanie
277,FR_PAC,Provence-Alpes-Côte d'Azur,Provence-Alpes-Côte d'Azur,Provence-Alpes-Côte d'Azur
276,FR_PDL,Pays de la Loire,Pays de la Loire,Pays de la Loire
332,GD,Grenada,Grenada,Grenada
68,GE,Georgia,Georgia,Georgia
95,GH,Ghana,Ghana,Commission for Technical and Vocational Education and Training (CTVET)
182,GR,Greece,Greece,Greece
331,GT,Guatemala,Guatemala,Guatemala
37,HK,"Hong Kong, China","Hong Kong, China",Vocational Training Council
333,HN,Honduras,Honduras,Honduras
51,HR,Croatia,Croatia,WorldSkills Croatia c/o ASOO
52,HU,Hungary,Hungary,Hungary
364,IAF,Abilympics,,Abilympics
402,IA_AM,IA Armenia,IA Armenia,IA Armenia
395,IA_AU,IA Australia,IA Australia,IA Australia
369,IA_AZ,IA Azerbaijan,IA Azerbaijan,IA Azerbaijan
370,IA_BD,IA Bangladesh,IA Bangladesh,IA Bangladesh
371,IA_CA,IA Canada,IA Canada,IA Canada
403,IA_CI,IA Côte d'Ivoire,IA Côte d'Ivoire,IA Côte d'Ivoire
392,IA_CN,IA China,IA China,IA China
373,IA_EC,IA Ecuador,IA Ecuador,IA Ecuador
375,IA_EE,IA Estonia,IA Estonia,IA Estonia
372,IA_ES,IA Spain,IA Spain,IA Spain
368,IA_FI,IA Finland,IA Finland,IA Finland
394,IA_FR,IA France,IA France,IA France
376,IA_GH,IA Ghana,IA Ghana,IA Ghana
409,IA_GR,IA Greece,IA Greece,IA Greece
377,IA_HK,"IA_Hong Kong, China","IA_Hong Kong, China","IA_Hong Kong, China"
399,IA_HR,IA Croatia,IA Croatia,IA Croatia
379,IA_ID,IA Indonesia,IA Indonesia,IA Indonesia
378,IA_IN,IA India,IA India,IA India
380,IA_IR,IA Iran,IA Iran,IA Iran
381,IA_JP,IA Japan,IA Japan,IA Japan
382,IA_KE,IA Kenya,IA Kenya,IA Kenya
389,IA_KR,IA Korea,IA Korea,IA Korea
404,IA_KZ,IA Kazakhstan,IA Kazakhstan,IA Kazakhstan
406,IA_LB,IA Lebanon,IA Lebanon,IA Lebanon
391,IA_LK,IA Sri Lanka,IA Sri Lanka,IA Sri Lanka
401,IA_LU,IA Luxembourg,IA Luxembourg,IA Luxembourg
384,IA_MN,IA Mongolia,IA Mongolia,IA Mongolia
383,IA_MO,"IA Macao, China","IA Macao, China","IA Macao, China"
386,IA_NG,IA Nigeria,IA Nigeria,IA Nigeria
385,IA_NP,IA Nepal,IA Nepal,IA Nepal
388,IA_PH,IA Philippines,IA Philippines,IA Philippines
387,IA_PK,IA Pakistan,IA Pakistan,IA Pakistan
390,IA_RW,IA Rwanda,IA Rwanda,IA Rwanda
374,IA_TW,IA Chinese Taipei,IA Chinese Taipei,IA Chinese Taipei
393,IA_UG,IA Uganda,IA Uganda,IA Uganda
407,IA_UZ,IA Uzbekistan,IA Uzbekistan,IA Uzbekistan
400,IA_ZM,IA Zambia,IA Zambia,IA Zambia
46,ID,Indonesia,Indonesia,Indonesia
11,IE,Ireland,Ireland,"Department of Further and Higher Education, Research, Innovation and Science (Ireland)"
78,IL,Israel,Israel,WorldSkills Israel
54,IN,India,India,"National Skill Development Corporation, India"
41,IR,Iran,Iran,Iran (Islamic Republic of)
57,IS,Iceland,Iceland,Verkidn (Skills Ísland)
34,IT,"South Tyrol, Italy",Italy,Institute of economic research of the Chamber of Commerce of Bolzano
356,IT_LMB,Lombardia,Lombardia,Italy
45,JM,Jamaica,Jamaica,HEART/NSTA Trust
227,JO,Jordan,Jordan,Jordan
14,JP,Japan,Japan,Japan
99,KE,Kenya,Kenya,Technical and Vocational Education and Training Authority
228,KG,Kyrgyzstan,Kyrgyzstan,WorldSkills Kyrgyzstan Public Foundation
92,KH,Cambodia,Cambodia,Cambodia
16,KR,Korea,Korea,Korea (the Democratic People's Republic of)
69,KW,Kuwait,Kuwait,Kuwait
334,KY,Ilhas Cayman,Ilhas Cayman,Cayman Islands
76,KZ,Kazakhstan,Kazakhstan,Kazakhstan
93,LA,Lao People's Democratic Republic,Lao People's Democratic Republic,Lao People's Democratic Republic
17,LI,Principality of Liechtenstein,Liechtenstein,WorldSkills Liechtenstein
65,LK,Sri Lanka,Sri Lanka,Sri Lanka
103,LR,Liberia,Liberia,Liberia
87,LT,Lithuania,Lithuania,Lithuania
12,LU,Luxembourg,Luxembourg,"Ministry of Education, Children and Youth"
60,LV,Latvia,Latvia,Latvia
40,MA,Morocco,Morocco,Morocco
365,MD,Moldova,Moldova,Moldova (the Republic of)
89,ME,Montenegro,Montenegro,Montenegro
105,MG,Madagascar,Madagascar,Madagascar
340,MK,North Macedonia,North Macedonia,North Macedonia
94,MM,Myanmar,Myanmar,Myanmar
74,MN,Mongolia,Mongolia,Mongolia
22,MO,"Macao, China","Macao, China",Labour Affairs Bureau (Vocational Training Department)
88,MT,Malta,Malta,Malta
106,MU,Mauritius,Mauritius,Mauritius
343,MV,Maldives,Maldives,Maldives
325,MW,Malawi,Malawi,Malawi
47,MX,Mexico,Mexico,WorldSkills México A.C.
28,MY,Malaysia,Malaysia,Malaysia
59,NA,Namibia,Namibia,Namibia Training Authority
353,NA_ATYT,Andimba Toivo ya Toivo,Andimba Toivo ya Toivo,Andimba Toivo ya Toivo
259,NA_CA,College of the Arts,College of the Arts,College of the Arts
351,NA_COG,Cosdec Ondangwa,Cosdec Ondangwa,Cosdec Ondangwa
241,NA_COSDEC,COSDEC Otjiwarongo,COSDEC Otjiwarongo,COSDEC Otjiwarongo
245,NA_COSDECO,COSDEC Omaheke,COSDEC Omaheke,COSDEC Omaheke
249,NA_COSDECOP,COSDEC Opuwo,COSDEC Opuwo,COSDEC Opuwo
348,NA_COSDECS,COSDEC Swakopmund,COSDEC Swakopmund,COSDEC Swakopmund
350,NA_CT,Cosdec Tukurenu,Cosdec Tukurenu,Cosdec Tukurenu
261,NA_DPM,Dundee Precious Metals,Dundee Precious Metals,Dundee Precious Metals
344,NA_EBP,Emm’s Beauty Parlour,Emm’s Beauty Parlour,Emm’s Beauty Parlour
345,NA_EGS,Eros Girls School,Eros Girls School,Eros Girls School
246,NA_EVTC,Eenhana Vocational Training Centre,Eenhana Vocational Training Centre,Eenhana Vocational Training Centre
232,NA_GVTC,Gobabis Vocational Training Centre,Gobabis Vocational Training Centre,Gobabis Vocational Training Centre
355,NA_HCF,Hardap Correctional Facility,Hardap Correctional Facility,Hardap Correctional Facility
244,NA_HRDC,Namwater HRDC,Namwater HRDC,Namwater HRDC
257,NA_HSTEA,Homestead Skills and Technical Education Academy,Homestead Skills and Technical Education Academy,Homestead Skills and Technical Education Academy
347,NA_KKYSTC,Kai //Kanaxab YSTC,Kai //Kanaxab YSTC,Kai //Kanaxab YSTC
357,NA_KVTC,Khorixas VTC,Khorixas VTC,Khorixas VTC
236,NA_MAPAC,MAPAC Training Institution,MAPAC Training Institution,MAPAC Training Institution
352,NA_MHS,Mweshipandeka HS,Mweshipandeka HS,Mweshipandeka HS
256,NA_MIA,Minds in Action,Minds in Action,Minds in Action
358,NA_MKTHS,M & K Technical High School,M & K Technical High School,M & K Technical High School
359,NA_MPVTC,Marco Mpollo VTC,Marco Mpollo VTC,Marco Mpollo VTC
251,NA_MSSS,Mavuluma Senior Secondary School,Mavuluma Senior Secondary School,Mavuluma Senior Secondary School
231,NA_NAMCOL,Namibia College of Open Learning,Namibia College of Open Learning,Namibia College of Open Learning
242,NA_NAMVOC,NAMVOC,NAMVOC,NAMVOC
238,NA_NCS,Namibian Correctional Service,Namibian Correctional Service,Namibian Correctional Service
349,NA_NDFTEVTCO,NDF Training Establishmlent VTC Osona,NDF Training Establishmlent VTC Osona,NDF Training Establishmlent VTC Osona
233,NA_NIMT,NIMT Arandis,NIMT Arandis,NIMT Arandis
260,NA_NIW,Namibia Institute of Welding,Namibia Institute of Welding,Namibia Institute of Welding
354,NA_NK,NIMT Keetmanshoop,NIMT Keetmanshoop,NIMT Keetmanshoop
252,NA_NTC,Nampower Training Centre,Nampower Training Centre,Nampower Training Centre
243,NA_NTS,Nsundano Technical School,Nsundano Technical School,Nsundano Technical School
248,NA_NUST,Namibia University of Science and Technology,Namibia University of Science and Technology,Namibia University of Science and Technology
247,NA_NVTC,Nakayale Vocational Training Centre,Nakayale Vocational Training Centre,Nakayale Vocational Training Centre
239,NA_NYS,National Youth Service,National Youth Service,National Youth Service
253,NA_OSSS,Onawa Senior Secondary School,Onawa Senior Secondary School,Onawa Senior Secondary School
234,NA_OVTC,Okakarara Vocational Training Centre,Okakarara Vocational Training Centre,Okakarara Vocational Training Centre
237,NA_RVTC,Rundu Vocational Training Centre,Rundu Vocational Training Centre,Rundu Vocational Training Centre
254,NA_SS,Salon Sanchia,Salon Sanchia,Salon Sanchia
255,NA_SSSS,Sanjo Senior Secondary School,Sanjo Senior Secondary School,Sanjo Senior Secondary School
346,NA_TTS,Tinah Taniela Salon,Tinah Taniela Salon,Tinah Taniela Salon
235,NA_VVTC,Valombola Vocational Training Centre,Valombola Vocational Training Centre,Valombola Vocational Training Centre
258,NA_WHCC,Windhoek Culinary and Hospitality College,Windhoek Culinary and Hospitality College,Windhoek Culinary and Hospitality College
240,NA_WVTC,Windhoek Vocational Training Centre,Windhoek Vocational Training Centre,Windhoek Vocational Training Centre
250,NA_ZVTC,Zambezi Vocational Training Centre,Zambezi Vocational Training Centre,Zambezi Vocational Training Centre
262,NA_cdnc,CD and Construction,CD and Construction,CD and Construction
230,NG,Nigeria,Nigeria,Nigeria
15,NL,Netherlands,Netherlands,WorldSkills Netherlands
26,NO,Norway,Norway,WorldSkills Norway
23,NZ,New Zealand,New Zealand,WorldSkills New Zealand
55,OM,Oman,Oman,Oman
335,PA,Panama,Panama,Panama
339,PE,Peru,Peru,Peru
316,PG,Papua New Guinea,Papua New Guinea,Papua New Guinea
32,PH,Philippines,Philippines,Philippines
83,PK,Pakistan,Pakistan,National Vocational & Technical Training Commission (NAVTTC)
85,PL,Poland,Poland,Foundation for the Development of the Education System (FRSE)
80,PS,Palestine,Palestine,"Palestine, State of"
6,PT,Portugal,Portugal,Instituto do Emprego e Formação Profissional IEFP
63,PY,Paraguay,Paraguay,Servicio Nacional de Promoción Profesional (SNPP)
229,QA,Qatar,Qatar,Qatar
81,RO,Romania,Romania,WorldSkills Romania
284,RS,Serbia,Serbia,Serbia
64,RU,Russia,Russia,Skills Development Agency (WorldSkills Russia)
324,RW,Rwanda,Rwanda Polytechnic,Rwanda
42,SA,Saudi Arabia,Saudi Arabia,Saudi Arabia
33,SE,Sweden,Sweden,WorldSkills Sweden
31,SG,Singapore,Singapore,SkillsFuture Singapore Agency
91,SI,Slovenia,Slovenia,Slovenia
90,SK,Slovakia,Slovakia,Slovakia
337,SR,Suriname,Suriname,Suriname
330,SV,El Salvador,El Salvador,El Salvador
318,SY,Syrian Arab Republic,Syrian Arab Republic,Syrian Arab Republic
362,SZ,Eswatini,Eswatini,Ministry of Labour & Social Security
30,TH,Thailand,Thailand,Thailand
288,TL,Timor-Leste,Timor-Leste,Timor-Leste
35,TN,Tunisia,Tunisia,Agence Tunisienne de la Formation Professionnelle
58,TR,Türkiye,Türkiye,WorldSkills Türkiye
66,TT,Trinidad and Tobago,Trinidad and Tobago,National Training Agency
18,TW,Chinese Taipei,Taiwan,Workforce Development Agency
104,TZ,Tanzania,Tanzania,"Tanzania, United Republic of"
82,UA,Ukraine,Ukraine,WorldSkills Ukraine c/o Federation of Employers of Ukraine
96,UG,Uganda,Uganda,"WorldSkills Uganda c/o  Business, Technical, Vocational Education and Training (BTVET)"
8,UK,United Kingdom,United Kingdom,WorldSkills UK
19,US,United States of America,United States of America,SkillsUSA
338,UY,Uruguay,Uruguay,Uruguay
98,UZ,Uzbekistan,Uzbekistan,Uzbekistan
43,VE,Venezuela,Venezuela,INCE
50,VN,Vietnam,Vietnam,Vietnam
408,VU,Vanuatu,Vanuatu,Vanuatu
3,WSAM,WorldSkills Americas,,Uruguay
4,WSAS,WorldSkills ASEAN,,WorldSkills ASEAN
225,WSASIA,WorldSkills Asia,,WorldSkills Asia (Organization)
2,WSEU,WorldSkills Europe,,Slovenia
1,WSI,WorldSkills International,,WorldSkills International (Organization)
5,WSOC,WorldSkills Oceania,,WorldSkills Oceania
97,WorldSkills Africa,WorldSkills Africa,WorldSkills Africa,Ethiopia
317,YE,Yemen,Yemen,Yemen
27,ZA,South Africa,South Africa,WorldSkills South Africa
77,ZM,Zambia,Zambia,WorldSkills Zambia
326,ZW,Zimbabwe,Zimbabwe,Zimbabwe
